{
  "test_accuracy": 0.12756597995758057,
  "test_loss": 4.24265718460083,
  "baseline": 0.006666666666666667,
  "num_classes": 150,
  "epochs_phase1": 2,
  "epochs_phase2": 0,
  "timestamp": "2026-07-20T11:48:48.133573",
  "phase1_val_accuracy": 0.1339198499917984
}
